image,mask_type,method,psnr,ssim,rmse,mae,psnr_missing,rmse_missing,mae_missing,runtime
cameraman,random30,corrupted,10.012390123545584,0.232739248679023,0.3157769739627838,0.1493290960788726,4.701363555958048,0.5820118433641988,0.5072792768478394,0.0
cameraman,random30,dct,28.99369765506404,0.8259450066232119,0.0355070941150188,0.0132432095706462,23.682671047314575,0.065443489412478,0.0449879206717014,1.810049057006836
cameraman,random30,wavelet,26.46762416791286,0.8854711885051314,0.0474918186664581,0.0115197291597723,21.156597187329027,0.0875326628901228,0.0391331613063812,0.4362037181854248
cameraman,random30,tv,30.619682310640016,0.9584818569178928,0.0294452924281358,0.0069993874058127,25.30865559278225,0.0542709245691673,0.0237773098051548,0.368757963180542
cameraman,random30,ae_only,26.35945650511889,0.8540575431326434,0.0480869449675083,0.0153606226667761,21.04842947402668,0.0886295463343531,0.0521808937191963,0.8482966423034668
cameraman,random30,tv_ae,30.174241403902904,0.9563879792435104,0.0309947337955236,0.0074721905402839,24.86321488286429,0.0571267156099434,0.02538344822824,0.8367736339569092
