method,method_label,random10,random30,random50,irregular
dct,DCT-only,35.73149251582979,29.479421603722148,25.43733991265314,32.632812627514255
wavelet,Wavelet,32.446531071538864,26.610396237362714,21.9571682492197,27.42293943426784
tv,TV,37.101204966484026,30.86324394692557,27.31561646270897,33.14624005441583
ae_only,AE-only,31.58987297516766,26.83856848331787,24.259520411264813,33.376699223230986
tv_ae,TV+AE,37.07390390754637,31.107650890931005,27.62779854183852,33.42719454344693
