method,psnr,ssim,rmse,mae,runtime
data_only_corrupted,10.03544862308972,0.22044923364980362,0.31493982672691345,0.149338960647583,0.0
opencv_telea,30.07584322481316,0.9427074923114218,0.03134785592556,0.010203106328845024,0.04740476608276367
tv_only,32.77234754895807,0.968363355950334,0.02298172377049923,0.0059790825471282005,5.634185791015625
ae_only,26.04148118745809,0.8417483966104793,0.04987994208931923,0.015887336805462837,1.2015249729156494
ae_tv,32.05487605589636,0.9671286178096524,0.02496066875755787,0.005797814577817917,1.2581896781921387
