lam_ae,psnr,ssim,rmse,mae,runtime
0.0,32.807431991060085,0.9697242352878237,0.02288908325135708,0.00519657414406538,1.1660408973693848
1e-05,32.80300915167847,0.969715409907914,0.022900741547346115,0.005201919004321098,1.2171003818511963
0.0001,32.75226008962606,0.9695502196014872,0.02303493581712246,0.005256451666355133,1.158036470413208
0.001,32.05487605589636,0.9671286178096524,0.02496066875755787,0.005797814577817917,1.1724612712860107
0.01,28.911500064330973,0.9425427919312275,0.035844702273607254,0.008853534236550331,1.153395175933838
