method,psnr,ssim,rmse,mae,runtime
corrupted,10.03544862308972,0.22044923364980362,0.31493982672691345,0.149338960647583,0.0
opencv_telea,30.07584322481316,0.9427074923114218,0.03134785592556,0.010203106328845024,0.030015230178833008
tv,32.77234754895807,0.968363355950334,0.02298172377049923,0.0059790825471282005,3.047940254211426
ours_debug_ae_tv,28.91119968253655,0.9414287784052484,0.03584594279527664,0.010314473882317543,1.2027642726898193
